,level_0,index,frequency
0,0,G,0
1,1,i,0
2,2,l,0
3,3,W,0
4,4,g,0
5,5,[,0
6,6,.,0
7,7,s,0
8,8,3,0
9,9,a,0
10,10,B,0
11,11,C,0
12,12,r,0
13,13,d,0
14,14,4,0
15,15,V,0
16,16,Z,0
17,17,\,0
18,18,t,0
19,19,5,0
20,20,),0
21,21,c,0
22,22,m,0
23,23,O,0
24,24,I,0
25,25,L,0
26,26,F,0
27,27,9,0
28,28,e,0
29,29,/,0
30,30,u,0
31,31,1,0
32,32,@,0
33,33,N,0
34,34,A,0
35,35,=,0
36,36,#,0
37,37,],0
38,38,8,0
39,39,T,0
40,40,+,0
41,41,2,0
42,42,P,0
43,43,-,0
44,44,M,0
45,45,H,0
46,46,o,0
47,47,7,0
48,48,6,0
49,49,b,0
50,50,(,0
51,51,n,0
52,52,S,0
53,53,K,0
54,54,=C,43
55,55,O),24715
56,56,CC,48
57,57,[C,18298
58,58,[C@,18243
59,59,C(,17635
60,60,H],17560
61,61,C=C,11
62,62,=O),13470
63,63,[C@@,8814
64,64,C),8323
65,65,C1,118
66,66,C(=O),7721
67,67,H](,7369
68,68,[H],103
69,69,=CC=C,6103
70,70,(O),4611
71,71,[H]),4369
72,72,C2,38
73,73,([H]),4110
74,74,1),3996
75,75,[C@H](,3968
76,76,=N,3946
77,77,=C(,3910
78,78,[C@@],3798
79,79,[C@],3572
80,80,(C),3428
81,81,[C@@H](,3399
82,82,C1=CC=C,2826
83,83,(=O),2727
84,84,C(=O)N,2638
85,85,CCCC,14
86,86,2),2476
87,87,C(O),2326
88,88,N),2254
89,89,=O,2248
90,90,H]1,2006
91,91,F),2002
92,92,(CC,1975
93,93,NC(=O),1947
94,94,C=C1),1873
95,95,C1=C,1784
96,96,CO,125
97,97,CN,1702
98,98,C(C),1580
99,99,[C@@]1,1537
100,100,CC1,149
101,101,C3,1481
102,102,[C@]1,1468
103,103,=C1,317
104,104,C=C1,988
105,105,[C@H](O),1235
106,106,(C,1215
107,107,[C@@H](O),1098
108,108,l),1092
109,109,N=C,1071
110,110,[C@H]1,1044
111,111,C2=CC=C,1022
112,112,N1,71
113,113,C1=CC=C(,1014
114,114,3),1001
115,115,[C@@H]1,962
116,116,OCC,958
117,117,[C@]([H]),956
118,118,C=N,954
119,119,C(O)=O,938
120,120,C2=C(,934
121,121,C=C2),923
122,122,H]2,875
123,123,C1=N,850
124,124,C1=C(,850
125,125,-],848
126,126,C2=C,834
127,127,P(O),832
128,128,[C@@]([H]),830
129,129,C(=C,805
130,130,[O,778
131,131,Cl),752
132,132,OC),751
133,133,OC(=O),750
134,134,C(N),748
135,135,C(O)=O),737
136,136,[O-],17
137,137,C=C(,701
138,138,CCN,689
139,139,(O)=O),682
140,140,+],11
141,141,[O-]),657
142,142,[N,655
143,143,[H][C@@]1,651
144,144,CC1=CC=C,635
145,145,CO),632
146,146,C(F),627
147,147,CC(C),620
148,148,C=C2,43
149,149,(F),615
150,150,O[C@H](,598
151,151,S(=O),589
152,152,[H][C@]1,588
153,153,S(=O)(=O),573
154,154,CN1,560
155,155,\C=C,543
156,156,[C@@]2,543
157,157,C2=C1,110
158,158,N=C(,506
159,159,[C@H]2,505
160,160,N2,19
161,161,OC,73
162,162,CCC,485
163,163,CC(=O),476
164,164,C1=CC=C(C=C1),467
165,165,([O-]),465
166,166,[C@@]1([H]),451
167,167,[N+],449
168,168,(N),448
169,169,NC(=O)[C@H](,444
170,170,H]3,434
171,171,[C@]1([H]),431
172,172,C(=N,430
173,173,[C@]([H])(O),417
174,174,C[C@H](,414
175,175,CCCCCCCC,412
176,176,CC1=C,407
177,177,C2=N,406
178,178,[C@@H](C),398
179,179,C1=CC=CC=C1,209
180,180,C1=CC(,396
181,181,C(C)(C),395
182,182,(O,387
183,183,2CC,384
184,184,C3=C,382
185,185,P(O)(O)=O),373
186,186,[C@@H]2,370
187,187,CC2,366
188,188,C(F)(F),364
189,189,[C@@]2([H]),363
190,190,N(,361
191,191,[H][C@@],354
192,192,(CO),350
193,193,C3=C(,349
194,194,C(N,348
195,195,C1=O,346
196,196,C3=CC=C,344
197,197,CCN(CC,341
198,198,C=C3),334
199,199,C(=O)N[C@@H](,334
200,200,P(O)(=O),333
201,201,[C@H](C),328
202,202,C(N)=N,34
203,203,(Cl),323
204,204,\C=C\,315
205,205,C(Cl),315
206,206,(C)CC,313
207,207,N(CC,306
208,208,C4,299
209,209,C1),296
210,210,N([H]),293
211,211,[H][C@],291
212,212,C1=CC=CC=C1),288
213,213,C1=O),288
214,214,NC1=N,274
215,215,[C@@]([H])(O),273
216,216,C(C)=O),273
217,217,N=C2,267
218,218,(C)C),266
219,219,Br,34
220,220,[C@]12,258
221,221,C(=C1),256
222,222,3([H]),255
223,223,N=C1,66
224,224,C(CC,253
225,225,C[C@H](O),253
226,226,C(=O)N1,74
227,227,C(=O)O,251
228,228,[C@H]3,247
229,229,C(O)=C,246
230,230,C(C)C),246
231,231,Br),245
232,232,C1=C2,241
233,233,4),239
234,234,C1=CC2=C(,238
235,235,[C@]2,235
236,236,[C@@]([H])(,231
237,237,CS,227
238,238,[H][C@@]12CC,223
239,239,C#,220
240,240,(=O)=O),220
241,241,[C@@H](O,216
242,242,(O)=O,215
243,243,([O-])=O),212
244,244,N[C@@H](,211
245,245,(CC1,210
246,246,NCC,209
247,247,C(C)=C,208
248,248,[C@@H](O)[C@H](O),206
249,249,C(OC),198
250,250,O[C@H](CO),197
251,251,I),197
252,252,N1),195
253,253,C=C3,17
254,254,(CO,192
255,255,P(O)(=O)O,191
256,256,CCCN,190
257,257,[C@@H]3,187
258,258,N(C),185
259,259,O1),184
260,260,CC1=C(,183
261,261,C2=CC=CC=C2,180
262,262,CC1=CC=CC=C1),178
263,263,C2),176
264,264,C(=O)CC,175
265,265,=C2,17
266,266,=CC=C1,108
267,267,NC(=O)[C@@H](,173
268,268,C(F)(F)F),170
269,269,C=CC=C,169
270,270,C[C@@H](,168
271,271,CC2=CC=C,167
272,272,C(=O)NCC,165
273,273,[H][C@]12,164
274,274,C2=CC=CC=C2),162
275,275,C(N)=O),160
276,276,C1=CC=C(O),159
277,277,(=O)=O,159
278,278,(NC(=O),159
279,279,OCCOCC,158
280,280,[C@]12C,156
281,281,C2=O),156
282,282,(N,156
283,283,C1=C(O),155
284,284,C(=O)N([H]),153
285,285,\C(,152
286,286,[H][C@@]12,152
287,287,CCO,10
288,288,C[C@@H](O),152
289,289,C1=CC=C2,150
290,290,S1),149
291,291,[C@@]3([H]),148
292,292,[C@]4,146
293,293,C2=CC=CC=C1,146
294,294,@],146
295,295,=C(O),146
296,296,O[C@]([H]),145
297,297,C([O-]),145
298,298,N1C(=O),143
299,299,H]4,143
300,300,N=N,140
301,301,CNC(=O),139
302,302,[C@H]1O,138
303,303,C2=CC=C(,138
304,304,+].,136
305,305,CC1=CC=C(,135
306,306,(O)(,134
307,307,S),133
308,308,CC),133
309,309,C(N)=N),133
310,310,(CC1=CC=C,133
311,311,CC(=O)N,132
312,312,C(F)(F)F,132
313,313,=CC=C1),132
314,314,OC[C@H]1,131
315,315,C[C@@H]1,131
316,316,=C2),131
317,317,C2=C1C=C,130
318,318,O.,129
319,319,CCOCC,129
320,320,CCC(O)=O),129
321,321,C3=N,129
322,322,[C@]2([H]),127
323,323,S(O),127
324,324,O[C@H](CO,127
325,325,\C=C/,126
326,326,[C@]1([H])O,125
327,327,NC(=O)N,125
328,328,C1=CC=C(Cl),124
329,329,NS(=O)(=O),123
330,330,C=N1,123
331,331,C(O,122
332,332,(CC),122
333,333,C(N)=O,120
334,334,[C@@]1(C)CC,119
335,335,N3,118
336,336,C(=O)[C@H](,118
337,337,([O-])=O,118
338,338,(CC2,118
339,339,[H]N([H]),117
340,340,CC(O)=O),116
341,341,=C1),116
342,342,C3=C2,114
343,343,CC1=N,113
344,344,C#N),113
345,345,C[C@H]1,113
346,346,P(O)(O)=O,112
347,347,C1=C(C),112
348,348,[C@H](N),111
349,349,N2),111
350,350,[H,110
351,351,[C@@]1(C),109
352,352,CC(C)C),108
353,353,[C@@]2([H])CC,107
354,354,O[C@@H]1,107
355,355,CN(C),107
356,356,CC(C)(C),107
357,357,[C@]3([H]),106
358,358,[P,106
359,359,O[C@@]([H])(,106
360,360,O2),105
361,361,N=CN=C2,105
362,362,CCN(CC1),105
363,363,C4=C,105
364,364,O1,104
365,365,C(=O)C=C,104
366,366,C=NC2=C1,10
367,367,C=N2),103
368,368,C1CCCC,102
369,369,(C)(O),102
370,370,Cl,76
371,371,(CCCC,101
372,372,C2=C1),100
373,373,C(=O)N1CCC,100
374,374,[C@@]3,99
375,375,CC1),99
376,376,[N+]([O-])=O),97
377,377,[C@H](O)[C@H](O),97
378,378,N=C(N),97
379,379,C(C)(C)C),97
380,380,O[C@H]1,96
381,381,C3),96
382,382,[C@H]2O),95
383,383,C=CC=C1,31
384,384,[C@H](O)[C@@H](O),94
385,385,N1C=C,94
386,386,CC1=CN,94
387,387,[H][C@](N),93
388,388,CN(CC,93
389,389,[C@@H]1O,92
390,390,COC1=C(,92
391,391,CC2=C,92
392,392,C(Br),91
393,393,[N+]([O-])=O,90
394,394,[H][C@]1(O),90
395,395,SCC,90
396,396,N2C=N,90
397,397,C1=CC=C(O)C=C1,90
398,398,COC(=O),89
399,399,C=N1),89
400,400,C(=C2),88
401,401,CC2),87
402,402,C1=C(F),87
403,403,[H][C@@]1(CC,86
404,404,[C@H](O,86
405,405,CC1=CC=C(C=C1),86
406,406,C(C)=C(,86
407,407,C(=N1),86
408,408,[C@@]([H])(O,85
409,409,S(N),85
410,410,N1CC,85
411,411,COP(O)(O)=O),85
412,412,COC1=CC(,85
413,413,C2=O,85
414,414,C1=C(Cl),85
415,415,[C@@H](CO),84
416,416,S2),84
417,417,C=C1)C(O)=O,84
418,418,C1=CN,84
419,419,C(=O)NC1=O,84
420,420,C(=O)N(,84
421,421,=C(OC),84
422,422,S1,18
423,423,CCCCCC,81
424,424,C2=CC=CC=C12),81
425,425,C2=C(C=C,81
426,426,[C@@H]1O),80
427,427,[C@@H]1CC,80
428,428,S(C),80
429,429,[C@@]21,79
430,430,O[C@H](CO)[C@@H](O)[C@H](O),79
431,431,O[C@H]([C@H](O),79
432,432,CN2,79
433,433,C1=CC(=C,79
434,434,NC2=N,78
435,435,C(=,78
436,436,[NH,77
437,437,[C@@]1([H])[C@@]2([H])CC,77
438,438,S(O)(=O)=O),77
439,439,=C(C),77
440,440,].,76
441,441,[C@@H]4,76
442,442,C(Cl)=C,76
443,443,C(C)C,76
444,444,C(=N),76
445,445,=O.,76
446,446,[C@@]([H])(O)[C@]([H])(O),75
447,447,C1=CC=C(F),75
448,448,=N1),75
449,449,CN(,74
450,450,CCCNC(N)=N),74
451,451,C=C(O),74
452,452,C1=CC2=C(C=C1),74
453,453,C([O-])=O,74
454,454,[C@@]([H])(C),73
455,455,CCCCN),73
456,456,(CC1=CC=CC=C1),73
457,457,[C@](O)(,72
458,458,[C@@]4,72
459,459,COC1=CC=C,72
460,460,=N2),72
461,461,[H]N(,71
462,462,[C@]12C),71
463,463,[C@]([H])(,71
464,464,N=C3,71
465,465,C2=CC=C(C=C2),71
466,466,@](O),71
467,467,[C@H]3O),70
468,468,C=C(Cl),70
469,469,C2=CC(,70
470,470,C(\,70
471,471,N(C)C),69
472,472,4=C,69
473,473,3=CC=C,69
474,474,O[C@@H](,68
475,475,C(C)=O,68
476,476,C(=O)[C@@H](,68
477,477,C(=O)OCC,11
478,478,(O)C=C1),68
479,479,[H][C@@](C),67
480,480,[C@H]4,67
481,481,P(O)(=O)OP(O)(=O),67
482,482,NC(C)=O),67
483,483,CC2=CC=CC=C2),67
484,484,C=CC=C3),67
485,485,C(=O)N1CCC[C@H]1,67
486,486,=[N+],67
487,487,/C),67
488,488,[C@]4(C),66
489,489,[C@]3,66
490,490,CC1=CC=CC=C1,25
491,491,=N1,66
492,492,(N)=O),66
493,493,[C@@]3([H])CC,65
494,494,OC(,65
495,495,N1C(=O)[C@H]2,65
496,496,CCOC(=O),65
497,497,C2=CC=CC=C12,65
498,498,C1=CC=N,65
499,499,C(C)(C)C,65
500,500,C5,65
501,501,@](O)(=O),65
502,502,[C@H]1O),64
503,503,[C@@]1(C)C[C@H](O),64
504,504,O[C@]([H])(CO),64
505,505,O)[C@]([H])(O),64
506,506,OCO,64
507,507,NC1=O),64
508,508,C[C@H](N),64
509,509,CC[C@H](,64
510,510,C=CC=C2,39
511,511,C=C(F),64
512,512,C4=C(,64
513,513,[S,63
514,514,C[C@@H](C),63
515,515,=CC=C2,11
516,516,(C)C,63
517,517,[C@]([H])(O)[C@]1([H])O,62
518,518,[C@@H](CC,62
519,519,N=CN=C23),62
520,520,CC(,62
521,521,C(=S),62
522,522,[C@]([H])(C),61
523,523,S(=O)(=O)N,61
524,524,C1=NC2=C(,61
525,525,C1=CC=CC=C1)C1=CC=CC=C1,61
526,526,C#N,61
527,527,C\C=C/,61
528,528,CCCCCCCCCCCCCCCC,60
529,529,C4=CC=C,60
530,530,C(C)=C1,24
531,531,C(NC(=O),60
532,532,=C(F),60
533,533,=C),60
534,534,3].,60
535,535,+3].,60
536,536,[N+](C),59
537,537,CCCC1,59
538,538,CC(O),59
539,539,C1=CC(Cl),59
540,540,C(O)=C(O),59
541,541,C(=O)C=C[C@]12C,59
542,542,++].,59
543,543,[C@@]1([H])O,25
544,544,O=C1,58
545,545,N=C(N,58
546,546,N=C1),58
547,547,C=C23),58
548,548,C3=CC=CC=C3),58
549,549,C2=CC(=O)C=C[C@]12C,58
550,550,C(O)=O)C(O)=O,58
551,551,C(OCC,58
552,552,C=O,58
553,553,[C@]4([H]),57
554,554,[C@H]1CC,57
555,555,NC1=NC2=C(,57
556,556,CN),57
557,557,C=O),57
558,558,=CC=C2),57
559,559,O[C@H](CO)[C@@H](O),56
560,560,OC1=C(,56
561,561,C=C4,56
562,562,=C(Cl),56
563,563,C=C(/C),55
564,564,C3=CC=C(,55
565,565,C[C@@],55
566,566,=C\,55
567,567,5),55
568,568,2=CC=C,55
569,569,(CS,55
570,570,[H][C@@]1(O),54
571,571,OC1=CC=C(C=C1),54
572,572,N2C=NC3=C(,54
573,573,CC[C@@]21,54
574,574,C(=O)N2,54
575,575,=C(\,54
576,576,-].,54
577,577,(CC2=CC=C,54
578,578,\C(C)=C,53
579,579,NC(=O)CC,53
580,580,N=CN2,10
581,581,N1C=N,53
582,582,CN1C(=O),53
583,583,CCN(CC),53
584,584,C3=CC=CC=C3,53
585,585,C1=NC=C,53
586,586,[C@@]([H])(CO),52
587,587,CCC(CC,52
588,588,C2=C3,52
589,589,C1=CC=C(Cl)C=C1,52
590,590,C(=O)C(,52
591,591,P([O-]),51
592,592,OCCOCCOCCOCC,51
593,593,C(=O)N[C@H](,51
594,594,(CC(C)C),51
595,595,a+].,50
596,596,[Na+].,50
597,597,[H][C@]1(CC,50
598,598,S(N)(=O)=O,50
599,599,CCN1,50
600,600,C=C),50
601,601,C(N)=,50
602,602,(C#,50
603,603,[H][C@]1(CO),49
604,604,[C@](C),49
605,605,[C@@H]2O),49
606,606,S(C)(=O)=O),49
607,607,NC(=O)[C@H](CC,49
608,608,C4=C3,49
609,609,C1=NN,49
610,610,C(=N2),49
611,611,=C4,49
612,612,CC3),48
613,613,C1=CC=CC(=C1),48
614,614,C1=C2C=C,48
615,615,C(O)=C2,48
616,616,C(=O)C2=C(,48
617,617,(O)C=C2),48
618,618,[C@@]2([H])[C@]3([H]),47
619,619,[C@@]1(C)CC[C@@]1([H])[C@@]2([H])CC,47
620,620,S(O)(=O)=O,47
621,621,N)N=CN=C23),47
622,622,NC(=N),47
623,623,C=C(C=C2),47
624,624,C=C(C=C1),47
625,625,C1=CS,47
626,626,C(O)=C1,41
627,627,(F)(F),47
628,628,(=O)N,47
629,629,[C@]([H])(O,46
630,630,[A,46
631,631,N=CN(,46
632,632,I)C(,46
633,633,CCCCC2),46
634,634,CCC4=C,46
635,635,C3=O),46
636,636,(CC(O)=O),46
637,637,[H][C@@](N),45
638,638,N=C2),45
639,639,Fe,45
640,640,CC1=CC=C(O)C=C1),45
641,641,C=C2)C=C1,45
642,642,C=C(C),45
643,643,C1=CC=C(O,45
644,644,[N-],44
645,645,[H][C@]1(CO,44
646,646,[H][C@@](O),44
647,647,[C@@]1(O),44
648,648,[Fe,44
649,649,N=C12),44
650,650,COC1=CC=C(C=C1),44
651,651,C2=C(N),44
652,652,C1=CC=C(C=C1,44
653,653,C(OC)=C1,14
654,654,C(O)=C(,44
655,655,C(=N/,44
656,656,C(CO),44
657,657,(OC(=O),44
658,658,[P@](O)(=O),43
659,659,[N+]1,43
660,660,[H]\C(,43
661,661,[C@@H](O)[C@H]1O,43
662,662,O[C@@]([H])(N2C=NC3=C(,43
663,663,O)C(O)=O,43
664,664,OP(O)(O)=O),43
665,665,NCC(O),43
666,666,N1C(=O)[C@H]2NC(=O),43
667,667,C2=CC3=C(,43
668,668,C1=CC=C(N,43
669,669,C(=C3),43
670,670,=C3,43
671,671,[C@](O)(C(=O),42
672,672,[C@](O),42
673,673,[C@](C)(O),42
674,674,[C@@]1(C)CC[C@]1([H]),42
675,675,C[C@H](C),42
676,676,C=C/,42
677,677,C1=CC=CC=C1)C(O)=O,42
678,678,C(Cl)=C1,19
679,679,C(=C1,42
680,680,[C@]1(O),41
681,681,[C@H](CC,41
682,682,[C@@H](CO,41
683,683,NC(=O)O,41
684,684,N=C12,41
685,685,N1CCCC,41
686,686,CCCC2),41
687,687,C3=CC=CC=C23),41
688,688,C2=CC=C(F),41
689,689,(C=N1),41
690,690,[C@]([H])(C,40
691,691,[C@@]4([H]),40
692,692,P([O-])(=O),40
693,693,P(O)(=O)OP(O)(O)=O),40
694,694,O[C@H](C),40
695,695,OC[C@H]1O[C@H]([C@H](O),40
696,696,OC[C@@H](O),40
697,697,O[C@@H]2,40
698,698,O=C(,40
699,699,C=CC=C2),40
700,700,C1=CC(=CC=C1),40
701,701,C(=O)CC[C@]12C,40
702,702,3CC,40
703,703,/[H]),40
704,704,+]),40
705,705,[C@]1(C),39
706,706,[C@@H]1O[C@H](CO,39
707,707,[C@@H](N),39
708,708,OC[C@H]1O[C@H](,39
709,709,CCCCCCCCCCCC,39
710,710,CC1=CC(,39
711,711,C=C12),39
712,712,C1=C(C=C,39
713,713,C(N)=N1),39
714,714,C(CN,39
715,715,C[C@H]2,39
716,716,(C)(C),39
717,717,\N=C(,38
718,718,\C=C(/C),38
719,719,[P@,38
720,720,[H][C@]12S,38
721,721,[H][C@](C),38
722,722,OC(=O)CC,38
723,723,NC(=O)[C@H](CO),38
724,724,N1C=NC2=C1,38
725,725,CO[C@H]1,38
726,726,CCOCC1),38
727,727,C2=CC=C(Cl),38
728,728,C2=C1C=CC=C2,13
729,729,C1=C(O)C=C,38
730,730,=CC=C3),38
731,731,(CC1=C,38
732,732,\C(=C,37
733,733,[H][C@]12SCC,37
734,734,[H][C@]1(,37
735,735,[H][C@](O),37
736,736,[C@H](N)C(O)=O,37
737,737,[C@@]([H])(O)[C@]1([H])O,37
738,738,[C@@](O),37
739,739,OC[C@H]2,37
740,740,N[C@@H](CC,37
741,741,CN1CCN(CC1),37
742,742,CCOCC1,37
743,743,CC(O)=O,37
744,744,C2=C(O),37
745,745,C1=CC=C(F)C=C1,37
746,746,C1=CC=C(OCC,37
747,747,C1(CC,37
748,748,C(=O)OC,35
749,749,C(=O)N(C),37
750,750,\C=C\C=C,36
751,751,[C@@]2(C),36
752,752,NC(=O)[C@H](C),36
753,753,N=C(C),36
754,754,N=CN,36
755,755,N(C,36
756,756,CN1C=C,36
757,757,CCN(C)CC,36
758,758,CC1(C),36
759,759,C2=C1C=CC=C2),36
760,760,C1=CC=C(O)C=C1),36
761,761,C(OC)=C(OC),36
762,762,C(O)=N,36
763,763,C(F)=C,36
764,764,2)C=C1,36
765,765,[C@@]12,35
766,766,[C@@]([H])(CC,35
767,767,O[C@]([H])(O,35
768,768,O[C@@]([H])(N2C=NC3=C(N)N=CN=C23),35
769,769,CCN(,35
770,770,CC[C@]12C,35
771,771,C3=CC=C(C=C3),35
772,772,C2=NC=N1,35
773,773,C2=CC(=O)CC[C@]12C,35
774,774,C1=C2N=CN(,35
775,775,C(=O)N(CC,35
776,776,C([H]),35
777,777,B(O),35
778,778,=C(N),35
779,779,[H][C@]1(C),34
780,780,[H]N1,34
781,781,[1,34
782,782,S(N)(=O)=O),34
783,783,CC[C@@]21[H],34
784,784,CC(C)C[C@H](,34
785,785,C=C(O,34
786,786,C=C4),34
787,787,C1=CC2=C(N,34
788,788,C1=C(N,34
789,789,C(C)(C)[C@@H](,34
790,790,C(=O)N[C@H]1,34
791,791,2=C,34
792,792,[H][C@@]1(C,33
793,793,[C@H](CO),33
794,794,[C@@]1(C)C[C@H](O)[C@@]1,33
795,795,[C@@H](OP(O)(O)=O),33
796,796,[C@@H](C)O),33
797,797,O[C@@H](O,33
798,798,O3),33
799,799,N(C(=O),33
800,800,CC[C@]4(C),33
801,801,C2=N1,33
802,802,C2=C(C),33
803,803,C2=CC(Cl),33
804,804,C1CCCCC1),33
805,805,C1=CC(=CC=C1,33
806,806,C1=CC(=N,33
807,807,C(O)=O)C(=O),33
808,808,C(O)(,33
809,809,C(=O)N([H])[C@@H](,33
810,810,[O-,32
811,811,[H][C@@]12C,32
812,812,[2,32
813,813,FC(F)(F),32
814,814,COC1=C,32
815,815,CN(C,32
816,816,CC(=O)N[C@@H](,32
817,817,C=C(OC),32
818,818,C1=CC=C2N,32
819,819,C1=C2N=CN([C@@H]3,32
820,820,C(C)=N,32
821,821,C(=O)N[C@@H](CCC(O)=O),32
822,822,C(=O)N(C=C1),32
823,823,C(=O)NC1=O),32
824,824,C(=O)N1),32
825,825,4=CC=C,32
826,826,/C=C/,32
827,827,(C(O)=O),32
828,828,SC[C@H](,31
829,829,N=CN=C3,31
830,830,N2C=C,31
831,831,H]),31
832,832,C[C@H](F),31
833,833,CN(C)CC,31
834,834,CC[C@H](C),31
835,835,C=C12,31
836,836,C=C(Br),31
837,837,C2=C(F),31
838,838,C1CCCCC1,31
839,839,C1=NC(,31
840,840,C1=CC=C(O1),31
841,841,C([O-])=O.,31
842,842,C(=O)OC),31
843,843,C(=O)C=C3,31
844,844,=C(/[H]),31
845,845,3=C,31
846,846,(OC),31
847,847,[C@]2(C),30
848,848,[C@@]11,30
849,849,[C@@](C),30
850,850,OCC),30
851,851,OC1=C,30
852,852,OC(CC,30
853,853,NC(=O)C1=C,30
854,854,NC(=O)C,30
855,855,NCCCC,30
856,856,COC1=C(OC),30
857,857,COP(O)(O)=O,30
858,858,CN2CC,30
859,859,C2=CC=C(F)C=C2),30
860,860,C2=C(C=CC=C2),30
861,861,C2=C(Cl),30
862,862,C(=O)N[C@@H](CC,30
863,863,C(I),30
864,864,C(C(O)=O),30
865,865,=C3),30
866,866,](O),29
867,867,[NH2,29
868,868,[H][C@@]1(CC[C@@]2([H])[C@]3([H]),29
869,869,[C@]([H])(N),29
870,870,[C@@H](O)[C@H](C),29
871,871,S(C)(=O)=O,29
872,872,O[C@H](COP(O)(O)=O),29
873,873,N1CCN(CC1),29
874,874,N([H])[H]),29
875,875,N(CC(O)=O),29
876,876,NC1=O,29
877,877,CS),29
878,878,CO[C@@H]1,29
879,879,CCNC(=O),29
880,880,C=N\,29
881,881,C=N3),29
882,882,C=C1)C(=O)N,29
883,883,C=C1Cl,29
884,884,C=C(C=C1,29
885,885,C3=C1,29
886,886,C1=CC=C(C=C1)S(=O)(=O),29
887,887,C(F)=C1,25
888,888,C(=O)N[C@@H](CCCCN),29
889,889,C(=O)N1CCC[C@@]1([H]),29
890,890,CS(=O)(=O),29
891,891,(O)CO),29
892,892,(CC([O-])=O),29
893,893,\C(C)=C\,28
894,894,[H][C@@]12CC[C@H](O),28
895,895,[C@H](NC(=O),28
896,896,[C@@H](O)[C@H](O)[C@@H](O),28
897,897,[C@@H](O)[C@@H](O),28
898,898,SC),28
899,899,NC(=O)[C@@H](N),28
900,900,H]5,28
901,901,CCCCC3),28
902,902,CCCC),28
903,903,CC1=CNC2=CC=CC=C12),28
904,904,CCCN1,28
905,905,C3=C2),28
906,906,C1=CC=C(C=C1)C(=O)N,28
907,907,C1=CC(OC),28
908,908,C1CC1,28
909,909,C([O-])=O),28
910,910,C(=O)C(=C,28
911,911,C(=O)C,28
912,912,C[C@]1,28
913,913,=C(\[H]),28
914,914,]),27
915,915,[H][C@]12SC(C)(C)[C@@H](,27
916,916,[H]N([H])C1=N,27
917,917,[C@]5,27
918,918,[C@H]3O)C2=NC=N1,27
919,919,[C@@]1(C)C[C@H](O)[C@@]1(F),27
920,920,P(=O),27
921,921,O=C1N,27
922,922,O.O.,27
923,923,OC1=CC=C,27
924,924,NC(=O)[C@H](CC(O)=O),27
925,925,N(CC1,27
926,926,CCN(CC2),27
927,927,CCN2,27
928,928,CC2=CN,27
929,929,CC2=C(,27
930,930,C=C(CC,27
931,931,C3=C2C=CC=C3),27
932,932,C1=CC=C(OC),27
933,933,C(=O)N[C@@H](CC(C)C),27
934,934,C(=O)N[C@@H](C(C)C),27
935,935,@](=O),27
936,936,=C1O,27
937,937,=C(N1C(=O)[C@H]2NC(=O),27
938,938,\C(=C/,26
939,939,[H][C@]12CC,26
940,940,[C@]3(C),26
941,941,[C@@]3([H])CC[C@]12C),26
942,942,[C@@]2([H])O)[C@]([H])(O),26
943,943,[C@@]1([H])[C@@]2([H]),26
944,944,OC3=C(,26
945,945,NC(=O)[C@H](CC(C)C),26
946,946,COCC,26
947,947,CN1C=N,26
948,948,CCCCC1),26
949,949,CCC(CC1),26
950,950,CC1=C(C),26
951,951,C2=C1C=C(,26
952,952,C2=C1C(=O),26
953,953,C2=C(N)N=C,26
954,954,C1=CC=C(Cl)C=C1),26
955,955,C1=CC=C(C),26
956,956,C(=O)N[C@@H]1,26
957,957,C(=O)C1=CC=CC=C1,26
958,958,C\C=C\,26
959,959,C[C@]([H])(O),26
960,960,\C([H]),25
961,961,[NH3,25
962,962,[H][C@@]12CC[C@](O)(C(=O),25
963,963,[H][C@@](O)(CO),25
964,964,[2H]),25
965,965,OC[C@H]1O[C@H]([C@H](O)[C@@H]1O),25
966,966,OC(=O)CCCC,25
967,967,O[C@@H](C),25
968,968,NC(=O)[C@H](N),25
969,969,NC(=O)[C@H](CCCNC(N)=N),25
970,970,NC(=O)[C@H](CCCCN),25
971,971,C\C=C/C\C=C/,25
972,972,CN3,25
973,973,CCCN2,25
974,974,CCC1,25
975,975,C=CC4=C3,25
976,976,C2=C1N,25
977,977,C2=C(N,25
978,978,C2=CN,25
979,979,C2CC2),25
980,980,C(\C),25
981,981,C(O)=C2),25
982,982,C(=O)N([H])CC,25
983,983,C(=O)NC2=O),25
984,984,C(=O)C=C3CC[C@@]21[H],25
985,985,C(CO,25
986,986,C=[N+],25
987,987,=CC=C3,25
988,988,=C(O,25
989,989,=C(C=C1),25
990,990,(C=C2),25
991,991,[C@]2(O),24
992,992,[C@H]2CC,24
993,993,[C@@H](O[C@@H]2,24
994,994,[Al,24
995,995,OP(O)(=O),24
996,996,ONC(=O),24
997,997,NC(=O)C1=CC=C,24
998,998,N=N\,24
999,999,N(C)C(=O),24
1000,1000,COC1=CC=C(,24
1001,1001,CN1CCN(CC,24
1002,1002,CC1=CN(,24
1003,1003,C2=CC=C3,24
1004,1004,C1=CC=C(NC2=N,24
1005,1005,C1=CC=C(N),24
1006,1006,C1=C2N=CN([C@@H]3O[C@H](CO,24
1007,1007,C1CC,24
1008,1008,C(CC),24
1009,1009,C(=O)NO),24
1010,1010,C[C@](O),24
1011,1011,C[C@@H]2,24
1012,1012,=C1I,24
1013,1013,(C#N),24
1014,1014,\N=C,23
1015,1015,[O-]C(=O),23
1016,1016,[C@]([H])(CC,23
1017,1017,[C@H](O)[C@@H](O)[C@@H]1O,23
1018,1018,[C@H](OC),23
1019,1019,[C@@H]1O[C@H](CO)[C@@H](O),23
1020,1020,[C@@H](O)[C@H](O)[C@H](O),23
1021,1021,O[C@]([H])(CO)[C@@]([H])(O)[C@]([H])(O),23
1022,1022,OC[C@H]2O[C@H]([C@H](O),23
1023,1023,OCC(=O),23
1024,1024,O[C@H]2,23
1025,1025,OP(O)(O)=O,23
1026,1026,OC1,23
1027,1027,NC1=NC2=C(N=CN2,23
1028,1028,NC1=NC=NC2=C1,23
1029,1029,NC1=NC(=O)N(C=C1),23
1030,1030,NC(=O)[C@@H]2,23
1031,1031,N1C=CC(=O)NC1=O,23
1032,1032,N1CCN(CC,23
1033,1033,N1C=C(,23
1034,1034,N(C)C,23
1035,1035,NC(N)=N,23
1036,1036,CN1C(=O)[C@H](,23
1037,1037,CC1=CN=C,23
1038,1038,C2=CC=CC=C2)C=C1,23
1039,1039,C1=CC(O)=C(O),23
1040,1040,C(N)=N1,23
1041,1041,C(NS(=O)(=O),23
1042,1042,C(Cl)=C2,23
1043,1043,C(=S)N,23
1044,1044,C(=O)N[C@@H](CCCNC(N)=N),23
1045,1045,C(=O)N[C@@H](CC1=CC=CC=C1),23
1046,1046,C(=O)NS(=O)(=O),23
1047,1047,(F)(F)F),23
1048,1048,(CC2=C,23
1049,1049,\N=N\,22
1050,1050,[P@@](O)(=O),22
1051,1051,[H]\,22
1052,1052,[C@]([H])(O)[C@]([H])(O),22
1053,1053,[C@]([H])(N,22
1054,1054,[C@H](O)[C@@H](C),22
1055,1055,[C@@]1(C)C[C@H](O)[C@@]1([H])[C@@]2([H])CC,22
1056,1056,[C@@H](O)[C@H]2O),22
1057,1057,[C@@H](O)C,22
1058,1058,[M,22
1059,1059,O[C@@]([H])(N2C=NC3=C(N)N=CN=C23)[C@]([H])(O)[C@]1([H])O,22
1060,1060,OC[C@H]2O[C@H]([C@H](O)[C@@H]2O),22
1061,1061,NC(=O)[C@H](CCC(O)=O),22
1062,1062,NC(=O)[C@H](CC1=CC=C(O)C=C1),22
1063,1063,N1)C=C,22
1064,1064,CCCCN,22
1065,1065,CCCCC),22
1066,1066,CC1=C(O),22
1067,1067,CC[C@H]1,22
1068,1068,C2CCCCC2),22
1069,1069,C1=CC=NC=C1,22
1070,1070,C1=C(I)C(,22
1071,1071,C(O)=CC=C1,22
1072,1072,C(F)F),22
1073,1073,C(Cl)=C2),22
1074,1074,C(CC1),22
1075,1075,C(S,22
1076,1076,C(=CC=C1),22
1077,1077,C[C@@H](O,22
1078,1078,([O-])=O)CC,22
1079,1079,(C(=O),22
1080,1080,\N=C\,21
1081,1081,\C(CCC,21
1082,1082,[Na+].[Na+].,21
1083,1083,[NH2+]),21
1084,1084,[NH+],21
1085,1085,[H][C@]1(N),21
1086,1086,[H][C@](N)(CC,21
1087,1087,[H][C@@]12CC[C@@](O),21
1088,1088,[Fe+3].,21
1089,1089,[C@@]3(C),21
1090,1090,[C@@H](O)[C@@H](,21
1091,1091,OC[C@H]1O,21
1092,1092,OC(C)=O),21
1093,1093,OC(C)(C),21
1094,1094,NC(=O)OC),21
1095,1095,N=N1),21
1096,1096,N=C(N)N=C2,21
1097,1097,N=C(O),21
1098,1098,N1CCC(CC1),21
1099,1099,N(C)C(=O)[C@H](,21
1100,1100,C[C@@H](N),21
1101,1101,CSSC[C@H](,21
1102,1102,CN(C)C),21
1103,1103,CCCC(=O),21
1104,1104,CC1=C2,21
1105,1105,CC3,21
1106,1106,C=C1F,21
1107,1107,C=C1F),21
1108,1108,C3=C(C=CC=C3),21
1109,1109,C3=C(C=C,21
1110,1110,C2=NC=C(,21
1111,1111,C2=N1),21
1112,1112,C2=CC=C(O),21
1113,1113,C1CCCC1),21
1114,1114,C1=CC=CC=C1Cl,21
1115,1115,C1=CN=C(,21
1116,1116,C(F)=C1),21
1117,1117,C(F)=C(F),21
1118,1118,C(CCC(O)=O),21
1119,1119,C(C)=C1),21
1120,1120,C(=O)NCC1=CC=C(C=C1),21
1121,1121,C(=O)CO,21
1122,1122,2=C1,21
1123,1123,(CC2=CC=CC=C2),21
1124,1124,\C(CCC[C@]12C),20
1125,1125,\C(CCC[C@]12C)=C\,20
1126,1126,\C(CCC[C@]12C)=C\C=C1,20
1127,1127,[OH,20
1128,1128,[H][C@@]12C[C@@H](C),20
1129,1129,[C@]([H])(CC(C)C),20
1130,1130,[C@H](OC(=O),20
1131,1131,[C@@]1([H])CC,20
1132,1132,[C@@](C)(O),20
1133,1133,P(O)(=O)OP(O)(=O)O,20
1134,1134,O[C@H](CO)[C@@H](O)[C@H](O)[C@H]2O),20
1135,1135,OCC(O)=O),20
1136,1136,O[C@@]([H])(O,20
1137,1137,N2C=NC3=C2,20
1138,1138,N1C=NC2=C1N=CN=C2,20
1139,1139,COC1=CC=CC=C1,20
1140,1140,CCOCC2),20
1141,1141,CC2=CC=C(O)C=C2),20
1142,1142,CC1=NC=C(,20
1143,1143,CC1=CC=C(O),20
1144,1144,CC(=O)CC,20
1145,1145,C=N2,20
1146,1146,C3=C(O),20
1147,1147,C3CC3),20
1148,1148,C2=NC3=C(,20
1149,1149,C2=CC=C(C=C2,20
1150,1150,C2=CC=C(O,20
1151,1151,C1=NO,20
1152,1152,C1=NN=C(,20
1153,1153,C1=NC2=CC=CC=C2,20
1154,1154,C1=CC=CC=C1O,20
1155,1155,C(F)=C2),20
1156,1156,C(F)=C(,20
1157,1157,C(=O)\C=C\,20
1158,1158,C(=O)[C@H](C),20
1159,1159,C[C@]1([H]),20
1160,1160,C[C@@]1([H]),20
1161,1161,C[C@@]([H])(O),20
1162,1162,(OC(C)=O),20
1163,1163,(N)=O,20
1164,1164,(COP(O)(O)=O),20
1165,1165,(CCC(O)=O),20
1166,1166,(C1),20
1167,1167,\C=C(/C)CC,19
1168,1168,\C=C\C=C\,19
1169,1169,\C=N\,19
1170,1170,[H][C@]1(CO)O[C@@]([H])(,19
1171,1171,[H][C@](O)(,19
1172,1172,[H][C@@]1(,19
1173,1173,[C@H]2[C@@H]3,19
1174,1174,[C@H](C)CC,19
1175,1175,[C@@]2([H])CCC2=CC(=O)C=C[C@]12C,19
1176,1176,[C@@]2(O),19
1177,1177,[C@@]1(C)CC[C@]1([H])[C@@]3([H])CC,19
1178,1178,[C@@]([H])(CO)O[C@]([H])(O,19
1179,1179,[C@@H]2CC,19
1180,1180,S([O-]),19
1181,1181,O[C@H](CO)[C@H](O)[C@H](O),19
1182,1182,OCC2),19
1183,1183,OC(CC([O-])=O),19
1184,1184,O=C(N,19
1185,1185,OS(=O)(=O),19
1186,1186,OC1=O,19
1187,1187,OC(=C,19
1188,1188,NC1=NC(=O)C2=C(,19
1189,1189,N1CCOCC1,19
1190,1190,N[C@H](,19
1191,1191,NC[C@H](O),19
1192,1192,N4,19
1193,1193,COC(C)=O),19
1194,1194,CN1C=C(,19
1195,1195,CNS(=O)(=O),19
1196,1196,CCCCCCCC),19
1197,1197,CCCC(O)=O),19
1198,1198,CC1=C(F),19
1199,1199,CC(=O)O,19
1200,1200,CC(=O)N1,19
1201,1201,CCC1=C(,19
1202,1202,C=NN2,19
1203,1203,C=C2)=N,19
1204,1204,C2=CC=C(Cl)C=C2),19
1205,1205,C2CCCC2),19
1206,1206,C1=CC=C(NC(=O),19
1207,1207,C1=CC=CC=N1,19
1208,1208,C1CC1),19
1209,1209,C(O)=C3,19
1210,1210,C(NC2=CC=C(C=C2),19
1211,1211,C(C)=C2,19
1212,1212,C(=O)N1CC,19
1213,1213,C[N+](C),19
1214,1214,=CC=C12),19
1215,1215,=C(I),19
1216,1216,=CC(OC)=C1,19
1217,1217,3=CC=CC=C3),19
1218,1218,(COC(=O),19
1219,1219,(C#C),19
1220,1220,\N=C(/,18
1221,1221,\C=C1,18
1222,1222,[P@](O)(=O)O,18
1223,1223,[N@,18
1224,1224,[H][C@]1(O)C,18
1225,1225,[H][C@]1(C,18
1226,1226,[H][C@@]12CCC(=O),18
1227,1227,[H][C@@](C)(O),18
1228,1228,[C@]2([H])O),18
1229,1229,[C@]([H])(O)[C@@]([H])(O),18
1230,1230,[C@]([H])(C4),18
1231,1231,[C@](OC(=O),18
1232,1232,[C@H]4O),18
1233,1233,[C@H]1C[C@H](O),18
1234,1234,[C@H](O)[C@H](C),18
1235,1235,[C@H](O)[C@@H](,18
1236,1236,[C@H](O)C(C)(C),18
1237,1237,[C@@]([H])(N),18
1238,1238,[C@@H]1C),18
1239,1239,[C@@H](O)[C@@H](C),18
1240,1240,[C@@H](OC(=O),18
1241,1241,OCO3),18
1242,1242,OCCO),18
1243,1243,OCC(O),18
1244,1244,OC1=C(Br),18
1245,1245,OC(CC([O-])=O)(CC([O-])=O),18
1246,1246,O4),18
1247,1247,N[C@@H](CS,18
1248,1248,NC(=O)CNC(=O),18
1249,1249,N1CCN,18
1250,1250,NC1=C(,18
1251,1251,N(=O)=O),18
1252,1252,COC1=CC(=C,18
1253,1253,COC(=O)CC,18
1254,1254,CN1C2=C(,18
1255,1255,CCC[C@H](,18
1256,1256,CC1=CNC2=C1C=CC=C2),18
1257,1257,CC[C@@H](C),18
1258,1258,C=CC4=C3[C@@]11,18
1259,1259,C=CC(=C1),18
1260,1260,C2=NC=C,18
1261,1261,C2=CC=C1),18
1262,1262,C2=CC=C(N),18
1263,1263,C2=C(S,18
1264,1264,C1=NC(=C,18
1265,1265,C1=CC=C(CC,18
1266,1266,C1=CC2=C(C=C1)N=C(,18
1267,1267,C1=CC(O,18
1268,1268,C1=C(C)N,18
1269,1269,C1=CC(O)=CC=C1,18
1270,1270,C(OC)=C2),18
1271,1271,C(NC(=O)N,18
1272,1272,C(=O)OCC),18
1273,1273,C(=O)NC1=CC=C(C=C1),18
1274,1274,C(=O)C1=C(,18
1275,1275,C(=C(O),18
1276,1276,C[S,18
1277,1277,=N/,18
1278,1278,=CC=C1O,18
1279,1279,=CC=C12,18
1280,1280,2=CC=CC=C2),18
1281,1281,/N=C(,18
1282,1282,([O-])=O.,18
1283,1283,(C=O),18
1284,1284,(C1=CC=CC=C1)C1=CC=CC=C1,18
1285,1285,\N=C1,17
1286,1286,\C),17
1287,1287,[O-][N+],17
1288,1288,[O-][N+](=O),17
1289,1289,[H][C@@](O)(,17
1290,1290,[H][C@@](CC1=CC=CC=C1),17
1291,1291,[H][C@@](CC(C)C),17
1292,1292,[H]N([C@@H](,17
1293,1293,[C@]1(O)C(=O)C(,17
1294,1294,[C@]1(C)CC,17
1295,1295,[C@H]1[C@H](O),17
1296,1296,[C@H](CO,17
1297,1297,[C@H](CC1=CC=CC=C1),17
1298,1298,[C@@]([H])(O)[C@]([H])(O)[C@@]([H])(O),17
1299,1299,[C@@]5,17
1300,1300,[C@@H]2O[C@H](CO,17
1301,1301,[C@@H](O)[C@@H]1O,17
1302,1302,[C@@H](O[C@H]2,17
1303,1303,[18,17
1304,1304,[18F,17
1305,1305,[B,17
1306,1306,P(O)(O)=O)P(O)(O)=O,17
1307,1307,O[C@H](O,17
1308,1308,O[C@]1([H]),17
1309,1309,NC1=NC=C,17
1310,1310,NC(=O)[C@H](CC(N)=O),17
1311,1311,NC(=O)[C@@H]1CC,17
1312,1312,N1CCOCC1),17
1313,1313,N([H])C(=O),17
1314,1314,N(CC1=CC=C,17
1315,1315,N3),17
1316,1316,COC1=CC=C2,17
1317,1317,CN1C=NC2=C1,17
1318,1318,CN1C(=O)N,17
1319,1319,CCN(C),17
1320,1320,CCCC(O)=O,17
1321,1321,CCC4=CC(=O)CC,17
1322,1322,CCC\C=C/,17
1323,1323,CC1=CC2=C(,17
1324,1324,CC1(C)CC,17
1325,1325,CCC),17
1326,1326,CCC(=O),17
1327,1327,C=C2)=C1,17
1328,1328,C=C1O,17
1329,1329,C3=N2),17
1330,1330,C3=CC=C(Cl),17
1331,1331,C3=C4,17
1332,1332,C2=NN,17
1333,1333,C2=CC=CC=C2C1=O,17
1334,1334,C2=CC=C1,17
1335,1335,C2=CC=C(O)C=C2),17
1336,1336,C2=CC=C(N,17
1337,1337,C2=CC=C(C),17
1338,1338,C2=C1C(=O)N,17
1339,1339,C2=C(O1),17
1340,1340,C1=O)C1=CC=CC=C1,17
1341,1341,C1=CC=C(N)C=C1,17
1342,1342,C1=CC=C(S1),17
1343,1343,C(Cl)=C3),17
1344,1344,C(Cl)=C1),17
1345,1345,C(=O)NCC1=CC=C(C=C1)C(N)=N,17
1346,1346,C(=O)NCC(O)CO),17
1347,1347,C(=O)NCC(O)=O),17
1348,1348,C(=O)NO,17
1349,1349,C(=O)C1=C,17
1350,1350,=C(O)C=C1,17
1351,1351,6),17
1352,1352,4C),17
1353,1353,(CSC3=N,17
1354,1354,(CC1=CC=C(,17
1355,1355,(C1=CC=CC=C1),17
1356,1356,\C=C(C),16
1357,1357,\C(CCC[C@]12C)=C\C=C1\,16
1358,1358,\C(CCC[C@]12C)=C\C=C1\C[C@@H](O),16
1359,1359,[H][C@]12SC(C)(C)[C@@H](N1C(=O)[C@H]2NC(=O),16
1360,1360,[H][C@]1(COP(O)(O)=O),16
1361,1361,[H][C@@](CCCC,16
1362,1362,[H]N([H])C1=C2N=CN([C@@H]3O[C@H](CO,16
1363,1363,[H]N1C(=O),16
1364,1364,[C@]11,16
1365,1365,[C@@H]1OP(O)(O)=O),16
1366,1366,[Ca,16
1367,1367,[As,16
1368,1368,[18F]),16
1369,1369,[Z,16
1370,1370,OCC[N+](C),16
1371,1371,OC[C@H](O),16
1372,1372,O2,16
1373,1373,NC(=O)[C@H](CC1=CC=CC=C1),16
1374,1374,N3C),16
1375,1375,N1N=C(,16
1376,1376,N(CCO),16
1377,1377,N(CC),16
1378,1378,FC1=CC=C(C=C1),16
1379,1379,COC(=O)N,16
1380,1380,CC[C@@]21[H]),16
1381,1381,CCCCCCCCCCCCCCCC(=O),16
1382,1382,CCCCCCCCCCCCCC,16
1383,1383,CCCCC1,16
1384,1384,CCC4,16
1385,1385,CC2=N,16
1386,1386,CC1=CN=CN1),16
1387,1387,CC1=CC=C2,16
1388,1388,CC(C)NCC(O),16
1389,1389,CC\C(C)=C\,16
1390,1390,C=C2Cl),16
1391,1391,C=CC(,16
1392,1392,C=C(CO),16
1393,1393,C4=CC=CC=C4,16
1394,1394,C3=NC=C,16
1395,1395,C3=CC(,16
1396,1396,C2=CC=CC(=C2),16
1397,1397,C2=C(C1),16
1398,1398,C1=NC(N)=N,16
1399,1399,C1=NC(=N,16
1400,1400,C1=CSC(N)=N1),16
1401,1401,C1=CC=NC=C1),16
1402,1402,C1=CC(O)=C(O)C=C1,16
1403,1403,C1=C(C=CC=C1),16
1404,1404,C1=C(N),16
1405,1405,C1=CN=C,16
1406,1406,C(=O)NC1,16
1407,1407,C(=O)C1=C(O),16
1408,1408,C(\C=C\,16
1409,1409,C[N+]1,16
1410,1410,C[N+],16
1411,1411,B(O)O,16
1412,1412,=C(N1C(=O)[C@H]2NC(=O)C(=N/,16
1413,1413,=C(C)C),16
1414,1414,=C(I)C(,16
1415,1415,=C([H]),16
1416,1416,(Cl)C=C2),16
1417,1417,(CC1),16
1418,1418,n++].,15
1419,1419,\C=C1/,15
1420,1420,\C1=CSC(N)=N1),15
1421,1421,\C(=N/,15
1422,1422,[OH-].,15
1423,1423,[O--].,15
1424,1424,[NH3+]),15
1425,1425,[Mg,15
1426,1426,[H][C@]1(O,15
1427,1427,[H][C@@]12CC[C@@](O)(C#C),15
1428,1428,[H][C@@]12CC[C@H](,15
1429,1429,[H][C@@]12C[C@@]3([H]),15
1430,1430,[H][C@@]1(C),15
1431,1431,[Ca++].,15
1432,1432,[C@]([H])(O)[C@@]1([H])O,15
1433,1433,[C@]([H])(OC),15
1434,1434,[C@H]3CC,15
1435,1435,[C@H]2C[C@H](O),15
1436,1436,[C@@]2([H])O),15
1437,1437,[C@@]1(C)CC[C@]1([H])C3=C(,15
1438,1438,[C@@]1(C)CC[C@@]1([H])[C@@]2([H])CC[C@@]2([H]),15
1439,1439,[C@@]([H])(O[C@]1([H]),15
1440,1440,[C@@H](CC1),15
1441,1441,S3),15
1442,1442,P(O)(=O)OP(O)(=O)OP(O)(O)=O),15
1443,1443,O[C@]([H])(CO)[C@@]([H])(O,15
1444,1444,OC[C@H]1O[C@H]([C@H](O)[C@@H]1OP(O)(O)=O),15
1445,1445,OC[C@H]1O[C@H](C[C@@H]1,15
1446,1446,OC[C@@H](O)[C@@H](O)[C@H](O)[C@@H](O),15
1447,1447,OCCOCCOCCOCCOCCOCCOCCOCC,15
1448,1448,OCC(C)(C),15
1449,1449,OC(=O)\C=C\,15
1450,1450,OC4=C,15
1451,1451,OC(=N2),15
1452,1452,NC1=NC(=O)C2=C(N1),15
1453,1453,NC(=O)C1=CC=C(C=C1),15
1454,1454,NC(=O)C(,15
1455,1455,N=N1,15
1456,1456,N3C=N,15
1457,1457,N2CCOCC2),15
1458,1458,N2C(=O),15
1459,1459,N12,15
1460,1460,N(C=N2),15
1461,1461,NC(=,15
1462,1462,NC(=[NH2+]),15
1463,1463,C[C@H](F)C2=CC(=O)C=C[C@]12C,15
1464,1464,COC1=CC(=CC(OC)=C1,15
1465,1465,COC1=CC2=C(C=C1),15
1466,1466,COC1=C2,15
1467,1467,CCOCC3),15
1468,1468,CCCC3),15
1469,1469,CC1=CC=CC=C1)C(O)=O,15
1470,1470,CC1=CC=C(OCC,15
1471,1471,CC1=CC=C(Cl),15
1472,1472,CC1=CC(=C,15
1473,1473,C=C34),15
1474,1474,C=C(NC(=O),15
1475,1475,C=C(I),15
1476,1476,C2=C(N)N=CN=C12,15
1477,1477,C2=CC(=C,15
1478,1478,C1=NC(N,15
1479,1479,C1=CC=CC=C1)N,15
1480,1480,C1=C(O)C=C(O),15
1481,1481,C1=C(S,15
1482,1482,C1)C(=O)N,15
1483,1483,C(\C)=C\,15
1484,1484,C(Br)=C1,15
1485,1485,C(=O)N[C@@H](CCC(O)=O)C(O)=O),15
1486,1486,C(=O)N1CCC[C@H]1C(=O)N,15
1487,1487,C(=O)C(=CN(,15
1488,1488,C(=C),15
1489,1489,C[C@@H]3,15
1490,1490,=CC(OC)=C1OC,15
1491,1491,=C/,15
1492,1492,(NS(=O)(=O),15
1493,1493,(NC(C)=O),15
1494,1494,(CN),15
1495,1495,(=C),15
1496,1496,\N,14
1497,1497,[Mg++].,14
1498,1498,[H][C@]12SCC(CSC3=N,14
1499,1499,[H][C@](O)(CO),14
1500,1500,[C@]1([H])CC,14
1501,1501,[C@]([H])(CO),14
1502,1502,[C@]([H])(CC1=CC=CC=C1),14
1503,1503,[C@@]2([H])O[C@@]([H])(,14
1504,1504,[C@@]1(C)C[C@H](O)[C@@]1(F)[C@@]2([H])CCC2=CC(=O)C=C[C@]12C,14
1505,1505,[C@@]1(C)CC[C@@]1([H])[C@@]2([H]),14
1506,1506,[C@@H]2O,14
1507,1507,[C@@H]5,14
1508,1508,[C@H]5,14
1509,1509,[K,14
1510,1510,[K+].,14
1511,1511,SC(=O),14
1512,1512,P(O)(=O)OP(O)(=O)OC[C@H]2O[C@H]([C@H](O)[C@@H]2O),14
1513,1513,P(=O)(,14
1514,1514,OC(=O)C1=C(,14
1515,1515,O2)C(=O)NC1=O,14
1516,1516,O)C=C1,14
1517,1517,OC(=O)N,14
1518,1518,NC1=NC=NC2=C1N=CN2,14
1519,1519,N=CN=C3N),14
1520,1520,N=CN=C(N,14
1521,1521,N([H])[H],14
1522,1522,NCCC,14
1523,1523,NC),14
1524,1524,C[C@]12CC,14
1525,1525,COC1=CC=C(C=C1,14
1526,1526,COC1=CC2=C(,14
1527,1527,CC[C@]4(C)[C@@]3([H])CC[C@]12C),14
1528,1528,CCCCN1,14
1529,1529,CCCC1),14
1530,1530,CC2=CC=CC=C2,14
1531,1531,CC1=CC=C(O,14
1532,1532,CCC(C),14
1533,1533,C=NC=C3),14
1534,1534,C=C2F),14
1535,1535,C=C(N,14
1536,1536,C=C(C=C,14
1537,1537,C4=O),14
1538,1538,C2=CC(N,14
1539,1539,C1=O)C(O)=O,14
1540,1540,C1=CC=CS1,14
1541,1541,C1=CC(=CC(=C1),14
1542,1542,C1=C2C=CC=C,14
1543,1543,C1=C(F)C=C2,14
1544,1544,C1=C3,14
1545,1545,C(O)=C1),14
1546,1546,C(N)=C2,14
1547,1547,C(N)=C1,14
1548,1548,C(F)(F)F)C=C1,14
1549,1549,C(F)=C2,14
1550,1550,C(CC2),14
1551,1551,C(C)=C2),14
1552,1552,C(=O)NCCC(=O)NCC,14
1553,1553,C(=O)N1CCC[C@@]1([H])C(=O)N,14
1554,1554,C(=N3),14
1555,1555,C(=C\,14
1556,1556,C(C(=O)N,14
1557,1557,C(=CC=C2),14
1558,1558,CP(O)(O)=O),14
1559,1559,C6,14
1560,1560,=C(N1C(=O),14
1561,1561,3)C=C1,14
1562,1562,3CCCCC3),14
1563,1563,(C(=O)N,14
1564,1564,\C(N,13
1565,1565,[H][C@](N)(CS,13
1566,1566,[H][C@](CO),13
1567,1567,[H][C@](C)(O),13
1568,1568,[H][C@@]12O,13
1569,1569,[H][C@@](C)(NC(=O),13
1570,1570,[H]N([H])C1=C2N=CN([C@@H]3O[C@H](COP(O)(=O)OP(O)(=O),13
1571,1571,[C@]3([H])CC,13
1572,1572,[C@]1([H])N,13
1573,1573,[C@]1(O)C(=O)C(C(N)=O),13
1574,1574,[C@]1(O)C(=O)C(C(N)=O)=C(O),13
1575,1575,[C@H]1NC(C)=O),13
1576,1576,[C@H](N)C(O)=O),13
1577,1577,[C@@]1(C)CC[C@]1([H])C3=C(CC[C@@]21[H]),13
1578,1578,[C@@H](OP(O)(O)=O)[C@H]3O)C2=NC=N1,13
1579,1579,[C@@H](O)[C@@H]1,13
1580,1580,[C@@H](COP(O)(O)=O),13
1581,1581,SCCNC(=O)CC,13
1582,1582,SC,13
1583,1583,P(O)(=O)OP(O)(=O)OC[C@H]1O[C@H]([C@H](O)[C@@H]1OP(O)(O)=O),13
1584,1584,P(O)(=O)OP(O)(=O)OC,13
1585,1585,O[C@H](CO)[C@@H](O)[C@H](O)[C@H]1O,13
1586,1586,O[C@H](C)C[C@@H](,13
1587,1587,O)[C@]([H])(O)[C@@]2([H])O)[C@]([H])(O),13
1588,1588,O[C@@H]4,13
1589,1589,OCCCC,13
1590,1590,OCC1=CC=CC=C1),13
1591,1591,OB(O),13
1592,1592,NC1=NC(N,13
1593,1593,NC(=O)[C@H](CCC(N)=O),13
1594,1594,NC(=O)NC1=O,13
1595,1595,N2CC,13
1596,1596,N1C=NC2=C1N=CN=C2N,13
1597,1597,N1[H]),13
1598,1598,N1C),13
1599,1599,NC(=O)N1,13
1600,1600,C[C@@](O),13
1601,1601,CSCC,13
1602,1602,COC1=CC(=CC(OC)=C1OC),13
1603,1603,COC),13
1604,1604,CN1CC,13
1605,1605,CN1C2=CC=CC=C2,13
1606,1606,CN1C(=O)[C@@H](,13
1607,1607,CN(CC(O)=O),13
1608,1608,CN(C)C(=O),13
1609,1609,CN=C(,13
1610,1610,CN1),13
1611,1611,CCN(CC([O-])=O),13
1612,1612,CCCCCC),13
1613,1613,CCC[C@@H](C),13
1614,1614,CC1=CC=CS1),13
1615,1615,CC1=C(Cl),13
1616,1616,CC1)C1=CC=CC=C1,13
1617,1617,CC(O)=O)C(O)=O,13
1618,1618,CC(C)OC(=O),13
1619,1619,CC(C)=C,13
1620,1620,CC(C(O)=O),13
1621,1621,CC[C@@]1(O),13
1622,1622,CC(CC,13
1623,1623,C=C1C(=O)N,13
1624,1624,C=C5,13
1625,1625,C4=N,13
1626,1626,C3=CC=C(F),13
1627,1627,C3=C(Cl),13
1628,1628,C3=CC(Cl),13
1629,1629,C2=CC(=CC=C12),13
1630,1630,C2=C(C=C1),13
1631,1631,C1=NC(=CS1),13
1632,1632,C1=NC=NC2=C1,13
1633,1633,C1=NC=C(,13
1634,1634,C1=CC=CC=C1C(O)=O,13
1635,1635,C1=CC=C(Br),13
1636,1636,C1=C(O)C2=C(,13
1637,1637,C(OC)=C1),13
1638,1638,C(OC)=C,13
1639,1639,C(O)(C1=CC=CC=C1)C1=CC=CC=C1,13
1640,1640,C(F)(F)F)C(F)(F)F,13
1641,1641,C(=O)OCC2=C1,13
1642,1642,C(=O)N1CCN(CC1),13
1643,1643,C(=O)CO),13
1644,1644,C(=C2,13
1645,1645,C\C(,13
1646,1646,C[C@H]3,13
1647,1647,=NC=C1,13
1648,1648,=S),13
1649,1649,5=C,13
1650,1650,3=CC=C(,13
1651,1651,3)C(=O),13
1652,1652,3=C(,13
1653,1653,([H])O)[C@]([H])(O),13
1654,1654,(CO)(O,13
1655,1655,e],12
1656,1656,\N=C1/,12
1657,1657,\C=C\C=C(/C),12
1658,1658,\C=C(C)\,12
1659,1659,\C=C3,12
1660,1660,\C1=CSC(N)=N1)C(O)=O,12
1661,1661,\[H]),12
1662,1662,[N+](,12
1663,1663,[N@],12
1664,1664,[H][C@@]12CC[C@](OC(=O),12
1665,1665,[H][C@@]12CCCN1C(=O)[C@H](,12
1666,1666,[H][C@@](C)(N,12
1667,1667,[H][C@@](CC),12
1668,1668,[H][C@@](CC,12
1669,1669,[H]N([H])C1=NC(=O)C2=C(,12
1670,1670,[H]N([H])C1=C2N=CN([C@@H]3O[C@H](COP(O)(=O)OP(O)(=O)OCC(C)(C),12
1671,1671,[C@]5([H]),12
1672,1672,[C@](C)(,12
1673,1673,[C@H]3CC[C@]12C,12
1674,1674,[C@H](O)[C@H](O)[C@H](O),12
1675,1675,[C@H](O)[C@H]1O,12
1676,1676,[C@@]3(C)CC,12
1677,1677,[C@@]2([H])\C(CCC[C@]12C)=C\C=C1\C[C@@H](O),12
1678,1678,[C@@](CO)(O,12
1679,1679,[C@@H]1NC(=O)[C@H](,12
1680,1680,[C@@H]1CO,12
1681,1681,[C@@H](O)[C@H](N),12
1682,1682,[C@@H](C)CC),12
1683,1683,[C@@H](CC),12
1684,1684,[C@@H](C1),12
1685,1685,[C@H],12
1686,1686,[Al](O),12
1687,1687,[Al+3].,12
1688,1688,SCCNC(=O)CCNC(=O),12
1689,1689,S1(=O)=O,12
1690,1690,SC(=O)N,12
1691,1691,P([O-])(=O)OP(O)(=O),12
1692,1692,O[C@]([H])(,12
1693,1693,OC[C@H]1O[C@H](C[C@@H]1O),12
1694,1694,OCC[N+](C)(C)C),12
1695,1695,OC1=CC(O)=C2,12
1696,1696,OC(CC([O-])=O)(CC([O-])=O)C([O-])=O,12
1697,1697,OC(=O)CNC(=O),12
1698,1698,OS(O)(=O)=O,12
1699,1699,OC1=O),12
1700,1700,OC(C)=O,12
1701,1701,NS(=O)(=O)C1=CC=C(C=C1)C(=O)N,12
1702,1702,NC(=O)OCC1=CC=CC=C1),12
1703,1703,N=CN=C34),12
1704,1704,N3C=NC4=C(,12
1705,1705,N([H])C(=O)[C@H](,12
1706,1706,N(CC2=CC=C,12
1707,1707,N(CC2,12
1708,1708,NC2=O,12
1709,1709,NC1=CC=C,12
1710,1710,N=CC=C3),12
1711,1711,N=CC=C,12
1712,1712,N(C)CC,12
1713,1713,C[C@H](OC(=O),12
1714,1714,C[C@H](NC(=O),12
1715,1715,C[C@H](CC,12
1716,1716,C[C@@](C),12
1717,1717,COC1=CC(=CC=C1,12
1718,1718,COP(O)(=O),12
1719,1719,CN1CCC(CC1),12
1720,1720,CN4,12
1721,1721,CCCCCCCC(=O),12
1722,1722,CCC(O)=O)C(O)=O,12
1723,1723,CCC(CC),12
1724,1724,CCC[C@H]1,12
1725,1725,CC1=NC=C(COP(O)(O)=O),12
1726,1726,CC(C)(C)NCC(O),12
1727,1727,CCC2),12
1728,1728,C=CC=C1Cl,12
1729,1729,C=C(C=C3),12
1730,1730,C=C(C(O)=O)C(=O),12
1731,1731,C3=CC=C(O),12
1732,1732,C2=CC=CC=N2),12
1733,1733,C2=CC=C(CC,12
1734,1734,C2=C1C=CC(=C2),12
1735,1735,C2=CC(O)=C(O),12
1736,1736,C2=CC(O),12
1737,1737,C2(C)C,12
1738,1738,C2(C)C),12
1739,1739,C1=NN(,12
1740,1740,C1=CC=C(F)C=C1),12
1741,1741,C1=CC=C(CN,12
1742,1742,C1=CC(Br),12
1743,1743,C1=C(Cl)C=C(Cl),12
1744,1744,C1=C3CC,12
1745,1745,C1CCN(CC1),12
1746,1746,C(OC)=C2,12
1747,1747,C(=O)N[C@@H](CO),12
1748,1748,C(=O)NCC(O)=O,12
1749,1749,C(=O)NCC(N)=O,12
1750,1750,C(=O)NC(=O)N,12
1751,1751,C(=O)N(C)C),12
1752,1752,C(=O)C2=C,12
1753,1753,C(=NC2=C1),12
1754,1754,C(=C1O),12
1755,1755,C#C,12
1756,1756,C\C([H]),12
1757,1757,=N\,12
1758,1758,=C1)C(O)=O,12
1759,1759,=C1C,12
1760,1760,=C(N1C(=O)[C@H]2NC(=O)C(=N/OC),12
1761,1761,=C(OCC,12
1762,1762,=C(Br),12
1763,1763,=CC(=C1),12
1764,1764,(O)(O),12
1765,1765,(CS),12
1766,1766,[O--].[O--].,11
1767,1767,[H][C@]12SCC(CSC3=NN=N,11
1768,1768,[H][C@]12SC(C)(C)[C@@H](N1C(=O)[C@H]2,11
1769,1769,[H][C@]1(O)C[C@@]([H])(O[C@]1([H]),11
1770,1770,[H][C@](CC,11
1771,1771,[H][C@@]12CC[C@](C)(O),11
1772,1772,[H][C@@](CCCC),11
1773,1773,[H][C@@](C)(,11
1774,1774,[H]N([H])C1=C2N=CN([C@@H]3O[C@H](COP(O)(=O)OP(O)(=O)OCC(C)(C)[C@@H](O),11
1775,1775,[H]N([H])C1=C2N=CN([C@@H]3O[C@H](COP(O)(=O)OP(O)(=O)OCC(C)(C)[C@@H](O)C(=O)N([H])CC,11
1776,1776,[Fe+3].[Fe+3].,11
1777,1777,[C@]4([H])CC,11
1778,1778,[C@]([H])(O)[C@]2([H])O),11
1779,1779,[C@H]2O)N(C)C),11
1780,1780,[C@H](O)[C@H](O)CO),11
1781,1781,[C@H](O)[C@@H](O)[C@H]1O,11
1782,1782,[C@H](OC(C)=O),11
1783,1783,[C@H](C)CCCC,11
1784,1784,[C@@]3([H])O)[C@]([H])(O)[C@@]2([H])O)[C@]([H])(O),11
1785,1785,[C@@]21[H],11
1786,1786,[C@@]2([H])C[C@H](F)C2=CC(=O)C=C[C@]12C,11
1787,1787,[C@@]23,11
1788,1788,[C@@]1(C)C[C@H](O)[C@@]1([H])[C@@]2([H])CCC2=CC(=O)CC[C@]12C,11
1789,1789,[C@@]1(C)C[C@H](O)[C@@]1([H])[C@@]2([H])CCC2=CC(=O)C=C[C@]12C,11
1790,1790,[C@@]([H])(C(C)C),11
1791,1791,[C@@]([H])(CC1=CC=CC=C1),11
1792,1792,[C@@]([H])(C,11
1793,1793,[C@@H](O)C[C@@H](O),11
1794,1794,[C@@H](NC(=O),11
1795,1795,[Cl,11
1796,1796,[B-],11
1797,1797,[2H])(,11
1798,1798,[2H])([2H]),11
1799,1799,SCCNC(=O)CCNC(=O)[C@H](O)C(C)(C),11
1800,1800,S(=O)(=O)N1,11
1801,1801,S2,11
1802,1802,O[C@H]([C@H](O)[C@@H]1O),11
1803,1803,O)=C,11
1804,1804,NC(=O)[C@H](CC1=CC=C(O)C=C1)NC(=O)[C@H](CO),11
1805,1805,NC(=O)OC(C)(C)C),11
1806,1806,N=C1N),11
1807,1807,N=C3),11
1808,1808,N2C),11
1809,1809,N1C=C(C),11
1810,1810,N(CCCl),11
1811,1811,N(C)C(=O)[C@H](CC(C)C),11
1812,1812,N(CCCC,11
1813,1813,NC=N,11
1814,1814,NC2=O),11
1815,1815,NC1=CC=C(C=C1),11
1816,1816,N(O),11
1817,1817,C[N+]#,11
1818,1818,C[C@]12CC[C@H]3,11
1819,1819,C[C@H](N,11
1820,1820,COC1=CC=CC2=C1,11
1821,1821,COC1=C(OC)C=C2,11
1822,1822,COC(C)(C),11
1823,1823,CN(CCN(CC,11
1824,1824,CN(C(=O),11
1825,1825,CNCC,11
1826,1826,CN([H]),11
1827,1827,CC[C@@]1(O)C(=O)OCC2=C1,11
1828,1828,CC[C@@]1(O)C(=O)OCC2=C1C=C1,11
1829,1829,CC[C@@]1(O)C(=O)OCC2=C1C=C1N(CC,11
1830,1830,CCOC1=C(,11
1831,1831,CCN(C)[C@]([H])(C4),11
1832,1832,CCNCC1,11
1833,1833,CCCCCCCCCC,11
1834,1834,CCCNC(=O),11
1835,1835,CCCN),11
1836,1836,CC2=CC=C(,11
1837,1837,CC1=CNC=N1),11
1838,1838,CC1=CC=C(Cl)C=C1),11
1839,1839,CC1=CC=CC(=C1),11
1840,1840,CC1=CC=C(F),11
1841,1841,CC(C)C[C@H](NC(=O)[C@@H](,11
1842,1842,CC(=O)NCC,11
1843,1843,CCC1=C2,11
1844,1844,CC4),11
1845,1845,CC#,11
1846,1846,C=[N+]1,11
1847,1847,C=CC=C2F),11
1848,1848,C=CC=C1F,11
1849,1849,C=CC4=C3[C@@]11CCN(C)[C@]([H])(C4),11
1850,1850,C=C2/,11
1851,1851,C=C1C),11
1852,1852,C=C(\C),11
1853,1853,C=CN(,11
1854,1854,C=CC=C1),11
1855,1855,C=CC(O)=C,11
1856,1856,C5=CC=C,11
1857,1857,C5=C4,11
1858,1858,C4),11
1859,1859,C2=NC3=C(N2),11
1860,1860,C2=CC=C(O)C=C2,11
1861,1861,C2=CC(Cl)=CC=C2,11
1862,1862,C2=CC(=CC=C2,11
1863,1863,C2=C(N1),11
1864,1864,C2=CS,11
1865,1865,C2=CC=N,11
1866,1866,C1CCCC1,11
1867,1867,C1=NC2=C(N1),11
1868,1868,C1=CC(N,11
1869,1869,C1=C3CCC(=O)C=C3CC[C@@]21[H],11
1870,1870,C1=C(C)C=CC=C1,11
1871,1871,C1=C(O,11
1872,1872,C1=CN(,11
1873,1873,C1(CC1),11
1874,1874,C1CCN(CC,11
1875,1875,C1(O),11
1876,1876,C1(C)C),11
1877,1877,C([H])([H]),11
1878,1878,C(O)=O)C=C1,11
1879,1879,C(O)=O)C(C)(C),11
1880,1880,C(O)=O.,11
1881,1881,C(N)=O)C(O)=O,11
1882,1882,C(N)=C(,11
1883,1883,C(NC2=N,11
1884,1884,C(F)=CC=C1,11
1885,1885,C(C)C)C(C)C),11
1886,1886,C(=O)OCC1=CC=CC=C1,11
1887,1887,C(=O)O2),11
1888,1888,C(=O)N[C@@H](CC(C)C)C(=O)N[C@@H](CC(C)C),11
1889,1889,C(=O)N(C)C1=O,11
1890,1890,C(=O)C=C[C@]4(C),11
1891,1891,C(=O)C(=CN(C3CC3),11
1892,1892,C(C(=O),11
1893,1893,C(C#N),11
1894,1894,C\,11
1895,1895,B1,11
1896,1896,=[N+]=,11
1897,1897,=N),11
1898,1898,=CC=C4,11
1899,1899,=C1/,11
1900,1900,=C(OC)C=C1,11
1901,1901,=C(N)N),11
1902,1902,/N=C(/,11
1903,1903,(COP(O)(=O),11
1904,1904,(CC2),11
1905,1905,(CC(N)=O),11
1906,1906,(CS(=O)(=O),11
1907,1907,(C3),11
1908,1908,(C(C)C),11
1909,1909,\C=C\C1=C(C),10
1910,1910,\C=C(/C)CC\C=C(/C)CC,10
1911,1911,[Zn++].,10
1912,1912,[P@],10
1913,1913,[N+]2,10
1914,1914,[H][C@]1(O)[C@]([H])(O),10
1915,1915,[H][C@](N)(CC1=C,10
1916,1916,[H][C@@]12OC3=C(O),10
1917,1917,[H][C@@]1(CC[C@@]2([H])[C@]3([H])CC,10
1918,1918,[H][C@@](O)(CO)[C@@]([H])(O)[C@]([H])(O)[C@@]([H])(O),10
1919,1919,[H][C@@](N)(,10
1920,1920,[H][C@@](C)(N),10
1921,1921,[H][C@@](NC(=O),10
1922,1922,[H]N([H])C1=C2N=CN([C@@H]3O[C@H](COP(O)(=O)OP(O)(=O)OCC(C)(C)[C@@H](O)C(=O)N([H])CCC(=O)N([H])CC,10
1923,1923,[H]N([H])C(=O),10
1924,1924,[C@]5(C),10
1925,1925,[C@]34C),10
1926,1926,[C@]23,10
1927,1927,[C@]12[H]),10
1928,1928,[C@]1(O)CC,10
1929,1929,[C@]1(C,10
1930,1930,[C@](C)(O,10
1931,1931,[C@H]1OC(=O),10
1932,1932,[C@H](O)[C@@H]1O,10
1933,1933,[C@H](O)C,10
1934,1934,[C@H](C)[C@H](O)[C@@H](C),10
1935,1935,[C@@]2([H])O,10
1936,1936,[C@@]2(CC,10
1937,1937,[C@@]1(C)CC[C@]1([H])[C@@]3([H])CCC(=O)C=C3CC[C@@]21[H],10
1938,1938,[C@@]1(C)CC[C@@]1([H])[C@@]2([H])CCC2=CC(=O)CC[C@]12C,10
1939,1939,[C@@]1(CC),10
1940,1940,[C@@]1(CC,10
1941,1941,[C@@]([H])(O1),10
1942,1942,[C@@H]1O[C@H](CO)[C@@H](O)[C@H]1O,10
1943,1943,[C@@H](O)[C@H](O)[C@H]3O),10
1944,1944,[C@@H](O)[C@H](O)[C@H]1O,10
1945,1945,[C@@H](O)[C@H]3O)C2=NC=N1,10
1946,1946,[C@@H](CO)O[C@H](O,10
1947,1947,[C@@H](CO)O1,10
1948,1948,[B-](O)(O),10
1949,1949,[G,10
1950,1950,SCCNC(=O)CCNC(=O)[C@H](O)C(C)(C)CO,10
1951,1951,S([O-])(=O)=O),10
1952,1952,O[C@H]1[C@@H](O),10
1953,1953,O[C@H](CO)[C@@H](O)[C@H](O)[C@H]1O),10
1954,1954,OC[C@H]1O[C@@H](O,10
1955,1955,OCO4),10
1956,1956,OCCOCCOCC,10
1957,1957,OCCN),10
1958,1958,OC(=O)C1=CC=CC=C1,10
1959,1959,OC[C@H](CO,10
1960,1960,OC[C@@H]1,10
1961,1961,O1)C1=CC=CC=C1,10
1962,1962,O)[C@H](O),10
1963,1963,O[C@H]3,10
1964,1964,OP(O)(=O)O,10
1965,1965,OC1=CC=CC=C1,10
1966,1966,OC1=CC=C2,10
1967,1967,OC1=CC=C(,10
1968,1968,NS(=O)(=O)C1=C(Cl),10
1969,1969,NC2=NC=N1,10
1970,1970,NC(=O)[C@H](CCN),10
1971,1971,NC(=O)[C@@H](CC2=CC=CC=C2),10
1972,1972,NC(=O)[C@@H]1,10
1973,1973,NC(=O)C1=CC2=C(,10
1974,1974,N=N2),10
1975,1975,N=C1N,10
1976,1976,N=C(N=C2,10
1977,1977,N=CN2),10
1978,1978,N3C=NC4=C(N),10
1979,1979,N3C=NC4=C(N)N=CN=C34),10
1980,1980,N3CC,10
1981,1981,N2C=NC3=C2N=CN=C3N),10
1982,1982,N2C,10
1983,1983,N1CCCCC1,10
1984,1984,N1C=NC(=C1),10
1985,1985,N1)C=CC(=C2),10
1986,1986,N12),10
1987,1987,N(CC(O)=O)C1=O),10
1988,1988,NC4=CC=C,10
1989,1989,NC(N)=N),10
1990,1990,ClC1=CC=C(C=C1),10
1991,1991,C[N+]#[C,10
1992,1992,C[C@H]2[C@@H]3,10
1993,1993,C[C@H](OC),10
1994,1994,COC1=CC(OC),10
1995,1995,COC(C)(C)C[N+]#[C,10
1996,1996,COC1=C(O)C=C,10
1997,1997,CO1,10
1998,1998,CN1N=C(,10
1999,1999,CNC3=CC=C(C=C3),10
2000,2000,CN(O),10
2001,2001,CC\C(C)=C\CC\C(C)=C\,10
2002,2002,CCN(C)CC1,10
2003,2003,CC2=CNC3=C2C=CC=C3),10
2004,2004,CC2=C1,10
2005,2005,CC(C)N1,10
2006,2006,CC(C)N,10
2007,2007,CCCl),10
2008,2008,CCC(=O)N,10
2009,2009,C=C2C(N,10
2010,2010,C=C1)C(=O)NO,10
2011,2011,C=C1)C(=O),10
2012,2012,C=C1OC,10
2013,2013,C=C(O)C=C2,10
2014,2014,C=C(F)C=C1,10
2015,2015,C=C(Cl)C=C3),10
2016,2016,C=CC2=N,10
2017,2017,C=C(C)C),10
2018,2018,C5=C(,10
2019,2019,C5=C,10
2020,2020,C3=CC=C4,10
2021,2021,C3=C(C),10
2022,2022,C3=CC(OC)=C(OC),10
2023,2023,C3CCCC3),10
2024,2024,C2=CC=CC=C2)C2=CC=CC=C2),10
2025,2025,C2=CC=C(N)C=C2),10
2026,2026,C2=CC3=C(OCO3),10
2027,2027,C2=C(N)N=CN=C12),10
2028,2028,C2=CC(OC)=C(OC),10
2029,2029,C2=CC(=N,10
2030,2030,C1=NN=N,10
2031,2031,C1=CC=C(C=C1)S(N)(=O)=O,10
2032,2032,C1=CC=CC(,10
2033,2033,C1=CC=C(C#N),10
2034,2034,C1=CC2=C(C=C1)N=C(N2),10
2035,2035,C1=CC2=C(NC(=O),10
2036,2036,C1=CC(=C(C=C1),10
2037,2037,C1=C2N=C,10
2038,2038,C1=C(OC),10
2039,2039,C1=C(N2),10
2040,2040,C1=CO,10
2041,2041,C)C(O)=O,10
2042,2042,C(O)=N[C@@]([H])(CC,10
2043,2043,C(N)=N2,10
2044,2044,C(CC(O)=O),10
2045,2045,C(C)=C4,10
2046,2046,C(=O)N[C@@H]1[C@H](O),10
2047,2047,C(=O)N[C@@H](CC(N)=O),10
2048,2048,C(=O)N[C@@H]([C@@H](C)O),10
2049,2049,C(=O)N1CCCC,10
2050,2050,C(=O)NC(=O),10
2051,2051,C(=O)N3,10
2052,2052,C(=O)N2CC,10
2053,2053,C([2H])([2H]),10
2054,2054,C(CC2=C,10
2055,2055,C(C=C),10
2056,2056,C(C1=CC=CC=C1),10
2057,2057,C(=C(,10
2058,2058,C[N@,10
2059,2059,@+],10
2060,2060,=C(Cl)C=C1,10
2061,2061,2CC2),10
2062,2062,/C=C/C=C(\C),10
2063,2063,(CC1=CC=C(O)C=C1),10
2064,2064,(CC1CCCCC1),10
2065,2065,(CCC),10
2066,2066,#N),10
